{
  "pSphere1": {
    "translateX": {
      "vc": [
        0.0, 
        1.7173853700457287, 
        -8.586926850228643, 
        -4.651427495534367, 
        -14.010772464181088, 
        -8.25098074786684
      ], 
      "tc": [
        1.0, 
        13.0, 
        20.0, 
        29.0, 
        42.0, 
        51.0
      ]
    }, 
    "translateY": {
      "vc": [
        0.0, 
        -1.2261316943900273, 
        6.130658471950136, 
        4.684603495289435, 
        0.6310864812305468, 
        1.383535747313644
      ], 
      "tc": [
        1.0, 
        13.0, 
        20.0, 
        29.0, 
        42.0, 
        51.0
      ]
    }, 
    "translateZ": {
      "vc": [
        0.0, 
        -0.7977865992532052, 
        3.9889329962660254, 
        1.1379748740672824, 
        13.537457603258163, 
        7.213328937381597
      ], 
      "tc": [
        1.0, 
        13.0, 
        20.0, 
        29.0, 
        42.0, 
        51.0
      ]
    }, 
    "scaleX": {
      "vc": [
        1.0, 
        1.0, 
        1.0, 
        1.0, 
        1.0, 
        1.0
      ], 
      "tc": [
        1.0, 
        13.0, 
        20.0, 
        29.0, 
        42.0, 
        51.0
      ]
    }, 
    "scaleY": {
      "vc": [
        1.0, 
        1.0, 
        1.0, 
        1.0, 
        1.0, 
        1.0
      ], 
      "tc": [
        1.0, 
        13.0, 
        20.0, 
        29.0, 
        42.0, 
        51.0
      ]
    }, 
    "visibility": {
      "vc": [
        1.0, 
        1.0, 
        1.0, 
        1.0, 
        1.0
      ], 
      "tc": [
        1.0, 
        20.0, 
        29.0, 
        42.0, 
        51.0
      ]
    }, 
    "rotateX": {
      "vc": [
        0.0, 
        0.0, 
        0.0, 
        0.0, 
        0.0, 
        0.0
      ], 
      "tc": [
        1.0, 
        13.0, 
        20.0, 
        29.0, 
        42.0, 
        51.0
      ]
    }, 
    "rotateY": {
      "vc": [
        0.0, 
        0.0, 
        0.0, 
        0.0, 
        0.0, 
        0.0
      ], 
      "tc": [
        1.0, 
        13.0, 
        20.0, 
        29.0, 
        42.0, 
        51.0
      ]
    }, 
    "rotateZ": {
      "vc": [
        0.0, 
        0.0, 
        0.0, 
        0.0, 
        0.0, 
        0.0
      ], 
      "tc": [
        1.0, 
        13.0, 
        20.0, 
        29.0, 
        42.0, 
        51.0
      ]
    }, 
    "scaleZ": {
      "vc": [
        1.0, 
        1.0, 
        1.0, 
        1.0, 
        1.0, 
        1.0
      ], 
      "tc": [
        1.0, 
        13.0, 
        20.0, 
        29.0, 
        42.0, 
        51.0
      ]
    }
  }, 
  "pCube1": {
    "translateX": {
      "vc": [
        -1.598518205120616, 
        7.5824236178692, 
        11.104059529341981, 
        -0.7542197496350909, 
        1.8692804443397932
      ], 
      "tc": [
        16.0, 
        28.0, 
        36.0, 
        53.0, 
        59.0
      ]
    }, 
    "translateY": {
      "vc": [
        -3.3010677479757327, 
        -2.087439899455191, 
        7.859981240264922, 
        11.072820287379358, 
        3.252522634034399
      ], 
      "tc": [
        16.0, 
        28.0, 
        36.0, 
        53.0, 
        59.0
      ]
    }, 
    "translateZ": {
      "vc": [
        4.074319016102432, 
        -6.016843693277789, 
        -16.999045459540675, 
        -7.550395465899399, 
        -4.308672419865566
      ], 
      "tc": [
        16.0, 
        28.0, 
        36.0, 
        53.0, 
        59.0
      ]
    }, 
    "scaleX": {
      "vc": [
        1.0, 
        1.0, 
        1.0, 
        1.0, 
        1.0
      ], 
      "tc": [
        16.0, 
        28.0, 
        36.0, 
        53.0, 
        59.0
      ]
    }, 
    "scaleY": {
      "vc": [
        1.0, 
        1.0, 
        1.0, 
        1.0, 
        1.0
      ], 
      "tc": [
        16.0, 
        28.0, 
        36.0, 
        53.0, 
        59.0
      ]
    }, 
    "visibility": {
      "vc": [
        1.0, 
        1.0, 
        1.0, 
        1.0, 
        1.0
      ], 
      "tc": [
        16.0, 
        28.0, 
        36.0, 
        53.0, 
        59.0
      ]
    }, 
    "rotateX": {
      "vc": [
        0.0, 
        0.0, 
        0.0, 
        0.0, 
        0.0
      ], 
      "tc": [
        16.0, 
        28.0, 
        36.0, 
        53.0, 
        59.0
      ]
    }, 
    "rotateY": {
      "vc": [
        0.0, 
        0.0, 
        0.0, 
        0.0, 
        0.0
      ], 
      "tc": [
        16.0, 
        28.0, 
        36.0, 
        53.0, 
        59.0
      ]
    }, 
    "rotateZ": {
      "vc": [
        0.0, 
        0.0, 
        0.0, 
        0.0, 
        0.0
      ], 
      "tc": [
        16.0, 
        28.0, 
        36.0, 
        53.0, 
        59.0
      ]
    }, 
    "scaleZ": {
      "vc": [
        1.0, 
        1.0, 
        1.0, 
        1.0, 
        1.0
      ], 
      "tc": [
        16.0, 
        28.0, 
        36.0, 
        53.0, 
        59.0
      ]
    }
  }, 
  "pCone1": {
    "translateX": -4.381319614084109, 
    "translateY": 7.694400559619375, 
    "translateZ": -1.3894808056304235, 
    "scaleX": 1.0, 
    "scaleY": 1.0, 
    "visibility": true, 
    "rotateX": 0.0, 
    "rotateY": 0.0, 
    "rotateZ": 0.0, 
    "scaleZ": 1.0
  }
}