{"source": "pSphere1", "rotation": [0.0, 0.0, 0.0], "targets": ["pCube1"], "transform": [1.711028682079797, 0.21756930939667762, -2.7749602794064683]}