{"source": "pCube1", "rotation": [246.71605970102843, 57.13373508306384, 130.30978789372443], "targets": ["pSphere2"], "transform": [0.44077052720677656, -0.3755609444116317, 1.2741478057792222]}